id,category,title,url
608,"(uncategorized)","Chapter 1: Intake",https://phoenix.scdhhs.gov/help_items/608
610,"Policy & Procedure Documents: Community Choices","Chapter 2: Assessment",https://phoenix.scdhhs.gov/help_items/610
609,"Policy & Procedure Documents: Community Choices","Chapter 3: Level of Care",https://phoenix.scdhhs.gov/help_items/609
607,"Policy & Procedure Documents: Community Choices","Chapter 4: Medicaid Eligibility",https://phoenix.scdhhs.gov/help_items/607
611,"Policy & Procedure Documents: Community Choices","Chapter 5: Case Management",https://phoenix.scdhhs.gov/help_items/611
612,"Policy & Procedure Documents: Community Choices","Chapter 6: Service Plan",https://phoenix.scdhhs.gov/help_items/612
646,"Policy & Procedure Documents: Community Choices","Chapter 7: Service Authorization",https://phoenix.scdhhs.gov/help_items/646
614,"Policy & Procedure Documents: Community Choices","Chapter 8: Nursing Home",https://phoenix.scdhhs.gov/help_items/614
615,"Policy & Procedure Documents: Community Choices","Chapter 9: PASRR",https://phoenix.scdhhs.gov/help_items/615
616,"Policy & Procedure Documents: Community Choices","Chapter 10: Terminations and Transfers",https://phoenix.scdhhs.gov/help_items/616
617,"Policy & Procedure Documents: Community Choices","Chapter 11: Appeals",https://phoenix.scdhhs.gov/help_items/617
49,"Policy & Procedure Documents: Community Choices","Chapter 11 Supplement: Appeals Presentation Guide",https://phoenix.scdhhs.gov/help_items/49
692,"Policy & Procedure Documents: Community Choices","CLTC Participants who are Family Members of CLTC Workers",https://phoenix.scdhhs.gov/help_items/692
265,"Policy & Procedure Documents: Community Choices","Documentation Policy",https://phoenix.scdhhs.gov/help_items/265
697,"Policy & Procedure Documents: Community Choices","HCBS Provider Manual",https://phoenix.scdhhs.gov/help_items/697
40,"Policy & Procedure Documents: Community Choices","Level of Care Manual",https://phoenix.scdhhs.gov/help_items/40
705,"Policy & Procedure Documents: Community Choices","Processing List Procedures",https://phoenix.scdhhs.gov/help_items/705
799,"Policy & Procedure Documents: Community Choices","Authenticare 3.0 [English]",https://phoenix.scdhhs.gov/help_items/799
800,"Authenticare Mobile App","Authenticare 3.0 [Spanish]",https://phoenix.scdhhs.gov/help_items/800
801,"Authenticare Mobile App","Authenticare 3.0 Functional Differences",https://phoenix.scdhhs.gov/help_items/801
394,"Authenticare Mobile App","AuthentiCare Android User Guide",https://phoenix.scdhhs.gov/help_items/394
393,"Authenticare Mobile App","AuthentiCare iOS User Guide",https://phoenix.scdhhs.gov/help_items/393
24,"Authenticare Mobile App","AuthentiCare Check-ins without Data Connection & Ordering a QR Card",https://phoenix.scdhhs.gov/help_items/24
28,"Authenticare Mobile App","AuthentiCare Webinar",https://phoenix.scdhhs.gov/help_items/28
27,"Authenticare Mobile App","AuthentiCare Webinar - Q&A",https://phoenix.scdhhs.gov/help_items/27
625,"Authenticare Mobile App","Environmental Modifications FAQs",https://phoenix.scdhhs.gov/help_items/625
627,"Medically Complex Children","Environmental Modification Training",https://phoenix.scdhhs.gov/help_items/627
213,"Medically Complex Children","Emergency Contact List",https://phoenix.scdhhs.gov/help_items/213
626,"Medically Complex Children","Ramp Referral Process",https://phoenix.scdhhs.gov/help_items/626
629,"Medically Complex Children","MMC Waiver Flyer",https://phoenix.scdhhs.gov/help_items/629
667,"Medically Complex Children","MCCW Appeals Notice",https://phoenix.scdhhs.gov/help_items/667
211,"Medically Complex Children","MTCM Freedom of Choice Form",https://phoenix.scdhhs.gov/help_items/211
5,"Managed Care","Managed Care Organizations (MCOs) Fact Sheet",https://phoenix.scdhhs.gov/help_items/5
10,"Managed Care","CLTC Interactions with Targeted Case Management",https://phoenix.scdhhs.gov/help_items/10
386,"Managed Care","OSCAP Internal Policies and Procedures",https://phoenix.scdhhs.gov/help_items/386
435,"OSS/OSCAP Documents","ANE Booklet (English)",https://phoenix.scdhhs.gov/help_items/435
434,"PCSC (Palmetto Coordinated System of Care)","ANE Booklet (Spanish)",https://phoenix.scdhhs.gov/help_items/434
425,"PCSC (Palmetto Coordinated System of Care)","Appeals and Grievances (English)",https://phoenix.scdhhs.gov/help_items/425
436,"PCSC (Palmetto Coordinated System of Care)","Appeals and Grievances (Spanish)",https://phoenix.scdhhs.gov/help_items/436
561,"PCSC (Palmetto Coordinated System of Care)","Enrollment Guidance",https://phoenix.scdhhs.gov/help_items/561
427,"PCSC (Palmetto Coordinated System of Care)","Freedom of Choice (English)",https://phoenix.scdhhs.gov/help_items/427
438,"PCSC (Palmetto Coordinated System of Care)","Freedom of Choice (Spanish)",https://phoenix.scdhhs.gov/help_items/438
569,"PCSC (Palmetto Coordinated System of Care)","IDGS: Agreement (English)",https://phoenix.scdhhs.gov/help_items/569
570,"PCSC (Palmetto Coordinated System of Care)","IDGS: Agreement (Spanish)",https://phoenix.scdhhs.gov/help_items/570
588,"PCSC (Palmetto Coordinated System of Care)","IDGS: Brochure (English)",https://phoenix.scdhhs.gov/help_items/588
589,"PCSC (Palmetto Coordinated System of Care)","IDGS: Brochure (Spanish)",https://phoenix.scdhhs.gov/help_items/589
590,"PCSC (Palmetto Coordinated System of Care)","IDGS: Frequently Asked Questions",https://phoenix.scdhhs.gov/help_items/590
571,"PCSC (Palmetto Coordinated System of Care)","IDGS: Workflow",https://phoenix.scdhhs.gov/help_items/571
426,"PCSC (Palmetto Coordinated System of Care)","Notice of Enrollment or Denial of Enrollment (English)",https://phoenix.scdhhs.gov/help_items/426
437,"PCSC (Palmetto Coordinated System of Care)","Notice of Enrollment or Denial of Enrollment (Spanish)",https://phoenix.scdhhs.gov/help_items/437
519,"PCSC (Palmetto Coordinated System of Care)","Notice of Disenrollment (English)",https://phoenix.scdhhs.gov/help_items/519
545,"PCSC (Palmetto Coordinated System of Care)","PCSC Acknowledgement of Rights & Responsibilities (English)",https://phoenix.scdhhs.gov/help_items/545
439,"PCSC (Palmetto Coordinated System of Care)","PCSC Acknowledgement of Rights & Responsibilities (Spanish)",https://phoenix.scdhhs.gov/help_items/439
429,"PCSC (Palmetto Coordinated System of Care)","PCSC DHHS Medicaid Appeals Process (English)",https://phoenix.scdhhs.gov/help_items/429
440,"PCSC (Palmetto Coordinated System of Care)","PCSC DHHS Medicaid Appeals Process (Spanish)",https://phoenix.scdhhs.gov/help_items/440
430,"PCSC (Palmetto Coordinated System of Care)","PCSC Information Sheet",https://phoenix.scdhhs.gov/help_items/430
583,"PCSC (Palmetto Coordinated System of Care)","* PCSC Parent Letter (English)",https://phoenix.scdhhs.gov/help_items/583
584,"PCSC (Palmetto Coordinated System of Care)","* PCSC Parent Letter (Spanish)",https://phoenix.scdhhs.gov/help_items/584
534,"PCSC (Palmetto Coordinated System of Care)","PCSC Provider Manual",https://phoenix.scdhhs.gov/help_items/534
433,"PCSC (Palmetto Coordinated System of Care)","PCSC Waiver Consent (English)",https://phoenix.scdhhs.gov/help_items/433
441,"PCSC (Palmetto Coordinated System of Care)","PCSC Waiver Consent (Spanish)",https://phoenix.scdhhs.gov/help_items/441
548,"PCSC (Palmetto Coordinated System of Care)","PCSC Waiver Forms Ledger",https://phoenix.scdhhs.gov/help_items/548
597,"PCSC (Palmetto Coordinated System of Care)","PCSC Waiver Notice of Disenrollment - Spanish",https://phoenix.scdhhs.gov/help_items/597
520,"PCSC (Palmetto Coordinated System of Care)","PCSC Waiver Termination Guidance (COVID-19)",https://phoenix.scdhhs.gov/help_items/520
523,"PCSC (Palmetto Coordinated System of Care)","PCSC WAIVER Voluntary Termination Statement",https://phoenix.scdhhs.gov/help_items/523
575,"PCSC (Palmetto Coordinated System of Care)","Quality: CAP Guidance",https://phoenix.scdhhs.gov/help_items/575
572,"PCSC (Palmetto Coordinated System of Care)","Quality: QA Tool",https://phoenix.scdhhs.gov/help_items/572
573,"PCSC (Palmetto Coordinated System of Care)","Quality: Initial CAP Letter",https://phoenix.scdhhs.gov/help_items/573
574,"PCSC (Palmetto Coordinated System of Care)","Quality: Final CAP Letter",https://phoenix.scdhhs.gov/help_items/574
791,"PCSC (Palmetto Coordinated System of Care)","CLTC Area Office Contact Information",https://phoenix.scdhhs.gov/help_items/791
792,"DHHS Contact Information","CLTC Area Office State Staff",https://phoenix.scdhhs.gov/help_items/792
795,"DHHS Contact Information","Children's Personal Care",https://phoenix.scdhhs.gov/help_items/795
370,"Policy & Procedure Documents: Other Programs","HASCI Level of Care",https://phoenix.scdhhs.gov/help_items/370
618,"Policy & Procedure Documents: Other Programs","HIV-AIDS",https://phoenix.scdhhs.gov/help_items/618
37,"Policy & Procedure Documents: Other Programs","Home Again",https://phoenix.scdhhs.gov/help_items/37
420,"Policy & Procedure Documents: Other Programs","Home Again - Assessments (Directive 17-11)",https://phoenix.scdhhs.gov/help_items/420
182,"Policy & Procedure Documents: Other Programs","Incontinence Supplies",https://phoenix.scdhhs.gov/help_items/182
38,"Policy & Procedure Documents: Other Programs","Mechanical Ventilator Dependent Waiver",https://phoenix.scdhhs.gov/help_items/38
304,"Policy & Procedure Documents: Other Programs","PACE Guide",https://phoenix.scdhhs.gov/help_items/304
305,"Policy & Procedure Documents: Other Programs","PACE: Intake Workflow",https://phoenix.scdhhs.gov/help_items/305
33,"Policy & Procedure Documents: Other Programs","PACE: Assessment and Enrollment",https://phoenix.scdhhs.gov/help_items/33
661,"Policy & Procedure Documents: Other Programs","TEFRA",https://phoenix.scdhhs.gov/help_items/661
644,"Policy & Procedure Documents: Other Programs","Collapse Service Training",https://phoenix.scdhhs.gov/help_items/644
745,"Case Management Training Materials","Notice: 2025 CLTC Case Management Entry Testing",https://phoenix.scdhhs.gov/help_items/745
338,"Case Management Training Materials","Study Guide: CLTC Case Management Entry Test",https://phoenix.scdhhs.gov/help_items/338
690,"Case Management Training Materials","Attendant Care Daily Log",https://phoenix.scdhhs.gov/help_items/690
672,"Attendant Care","Attendant Care Training Manual",https://phoenix.scdhhs.gov/help_items/672
764,"Attendant Care","Attendant Prescriber Statement",https://phoenix.scdhhs.gov/help_items/764
563,"Attendant Care","* Discontinuation of Employment Form",https://phoenix.scdhhs.gov/help_items/563
559,"Attendant Care","Morning Sun Contacts",https://phoenix.scdhhs.gov/help_items/559
557,"Attendant Care","Packet: Attendant",https://phoenix.scdhhs.gov/help_items/557
556,"Attendant Care","Packet: Employer",https://phoenix.scdhhs.gov/help_items/556
90,"Attendant Care","Questions Related to In-home Care",https://phoenix.scdhhs.gov/help_items/90
91,"In-Home Care","Guidelines for Determining In-home Hours",https://phoenix.scdhhs.gov/help_items/91
683,"In-Home Care","Abbreviations",https://phoenix.scdhhs.gov/help_items/683
177,"Policy Documents","Emod and Ramp Process",https://phoenix.scdhhs.gov/help_items/177
87,"Policy Documents","HIPP Policy",https://phoenix.scdhhs.gov/help_items/87
84,"Policy Documents","Scan Tag Descriptions",https://phoenix.scdhhs.gov/help_items/84
235,"Policy Documents","Service Level Approval Process",https://phoenix.scdhhs.gov/help_items/235
686,"Policy Documents","ADHC - Nursing Physician's Orders",https://phoenix.scdhhs.gov/help_items/686
306,"Physician Forms","Community Choices, NH, TEFRA: Physician’s Input Letter",https://phoenix.scdhhs.gov/help_items/306
753,"Physician Forms","1718 Form (Abbreviated)",https://phoenix.scdhhs.gov/help_items/753
685,"Miscellaneous Forms","DHHS Form 122DC - ADHC Form",https://phoenix.scdhhs.gov/help_items/685
604,"Miscellaneous Forms","ADHC Mode of Transportation",https://phoenix.scdhhs.gov/help_items/604
82,"Miscellaneous Forms","Appeals Notice",https://phoenix.scdhhs.gov/help_items/82
81,"Miscellaneous Forms","Appeals Summary",https://phoenix.scdhhs.gov/help_items/81
765,"Miscellaneous Forms","Approved In-Service List",https://phoenix.scdhhs.gov/help_items/765
751,"Miscellaneous Forms","Authorized Representative for LTC Services",https://phoenix.scdhhs.gov/help_items/751
79,"Miscellaneous Forms","Authorized Representative Form for Providers",https://phoenix.scdhhs.gov/help_items/79
368,"Miscellaneous Forms","CAP Template for Providers",https://phoenix.scdhhs.gov/help_items/368
750,"Miscellaneous Forms","CLTC Service Plan Agreement Form",https://phoenix.scdhhs.gov/help_items/750
74,"Miscellaneous Forms","CLTC Release of Participant Information Tracking Form",https://phoenix.scdhhs.gov/help_items/74
73,"Miscellaneous Forms","Community Choices Pre-screening for Telemonitoring",https://phoenix.scdhhs.gov/help_items/73
624,"Miscellaneous Forms","Personal Care In-Service Documentation Form",https://phoenix.scdhhs.gov/help_items/624
244,"Miscellaneous Forms","Estate Recovery Notification",https://phoenix.scdhhs.gov/help_items/244
70,"Miscellaneous Forms","Health Insurance Premium Payment (HIPP) Referral Form",https://phoenix.scdhhs.gov/help_items/70
798,"Miscellaneous Forms","MCO Incontinence Supply Referral Form",https://phoenix.scdhhs.gov/help_items/798
69,"Miscellaneous Forms","Medicaid Eligibility Form 3400B",https://phoenix.scdhhs.gov/help_items/69
71,"Miscellaneous Forms","Health Insurance Information Referral Form",https://phoenix.scdhhs.gov/help_items/71
630,"Miscellaneous Forms","Personal Care Competency Evaluation Form",https://phoenix.scdhhs.gov/help_items/630
359,"Miscellaneous Forms","Private Duty Nursing: Monthly Summary Report",https://phoenix.scdhhs.gov/help_items/359
361,"Miscellaneous Forms","Private Duty Nursing: Supervisory Visit Form",https://phoenix.scdhhs.gov/help_items/361
794,"Miscellaneous Forms","PCA Annual In-Service Training Documentation Form",https://phoenix.scdhhs.gov/help_items/794
622,"Miscellaneous Forms","Revocation of Authorized Representative for LTC services",https://phoenix.scdhhs.gov/help_items/622
758,"Miscellaneous Forms","Adult Day Health Care (ADHC)",https://phoenix.scdhhs.gov/help_items/758
757,"Scopes of Service","ADHC Nursing",https://phoenix.scdhhs.gov/help_items/757
759,"Scopes of Service","Attendant Care",https://phoenix.scdhhs.gov/help_items/759
760,"Scopes of Service","Case Management",https://phoenix.scdhhs.gov/help_items/760
762,"Scopes of Service","Children's Attendant Care",https://phoenix.scdhhs.gov/help_items/762
761,"Scopes of Service","Companion - Agency",https://phoenix.scdhhs.gov/help_items/761
712,"Scopes of Service","Companion - Individual",https://phoenix.scdhhs.gov/help_items/712
688,"Scopes of Service","Enhanced Pest Control",https://phoenix.scdhhs.gov/help_items/688
696,"Scopes of Service","Environmental Modifications",https://phoenix.scdhhs.gov/help_items/696
698,"Scopes of Service","Home Delivered Meals",https://phoenix.scdhhs.gov/help_items/698
700,"Scopes of Service","Nursing",https://phoenix.scdhhs.gov/help_items/700
701,"Scopes of Service","Pediatric Medical Day Care",https://phoenix.scdhhs.gov/help_items/701
703,"Scopes of Service","Personal Care, HASCI Attendant Care, HASCI Respite, ID/RD Respite, and CS Respite Services",https://phoenix.scdhhs.gov/help_items/703
706,"Scopes of Service","Personal Care: Residential Care Facilities",https://phoenix.scdhhs.gov/help_items/706
702,"Scopes of Service","Personal Emergency Response (PERS)",https://phoenix.scdhhs.gov/help_items/702
707,"Scopes of Service","Respite: Community Residential Care Facility",https://phoenix.scdhhs.gov/help_items/707
708,"Scopes of Service","Respite: In-Home for Mechanical Ventilator Waiver Participants",https://phoenix.scdhhs.gov/help_items/708
699,"Scopes of Service","Respite: Institutional",https://phoenix.scdhhs.gov/help_items/699
709,"Scopes of Service","Respite: Medically Complex Children - Skilled",https://phoenix.scdhhs.gov/help_items/709
710,"Scopes of Service","Telemonitoring",https://phoenix.scdhhs.gov/help_items/710
711,"Scopes of Service","Transition Coordination",https://phoenix.scdhhs.gov/help_items/711
704,"Scopes of Service","Standards: Pest Control",https://phoenix.scdhhs.gov/help_items/704
278,"Scopes of Service","Strike Policy",https://phoenix.scdhhs.gov/help_items/278
132,"Help Documents","Antivirus/Spyware Removal",https://phoenix.scdhhs.gov/help_items/132
131,"Help Documents","At-Risk Protocol for Imminent Emergency/Disaster",https://phoenix.scdhhs.gov/help_items/131
159,"Help Documents","CM Overlap Hierarchy",https://phoenix.scdhhs.gov/help_items/159
130,"Help Documents","Care Call Activity Codes",https://phoenix.scdhhs.gov/help_items/130
129,"Help Documents","Care Call Observation Codes",https://phoenix.scdhhs.gov/help_items/129
655,"Help Documents","Care Call IVR and Mobile App Training Environment",https://phoenix.scdhhs.gov/help_items/655
127,"Help Documents","Care Call Mobile App Webinar",https://phoenix.scdhhs.gov/help_items/127
193,"Help Documents","Disaster Preparedness Manual",https://phoenix.scdhhs.gov/help_items/193
125,"Help Documents","Guide to Developmental Stages of Children",https://phoenix.scdhhs.gov/help_items/125
546,"Help Documents","Home and Community Based Waiver Services Summary Chart",https://phoenix.scdhhs.gov/help_items/546
123,"Help Documents","Medicaid Categories",https://phoenix.scdhhs.gov/help_items/123
242,"Help Documents","Medicaid Category Details",https://phoenix.scdhhs.gov/help_items/242
121,"Help Documents","Prior Approval of Waivered Services - Guidelines",https://phoenix.scdhhs.gov/help_items/121
542,"Help Documents","Children's Personal Care: Physician Information - CC",https://phoenix.scdhhs.gov/help_items/542
654,"Help Documents","Approval Requests",https://phoenix.scdhhs.gov/help_items/654
419,"Phoenix Help Documents","Assessment and Service Plan Updates",https://phoenix.scdhhs.gov/help_items/419
376,"Phoenix Help Documents","Assessment",https://phoenix.scdhhs.gov/help_items/376
378,"Phoenix Help Documents","Authorizations",https://phoenix.scdhhs.gov/help_items/378
640,"Phoenix Help Documents","Authorized Representatives",https://phoenix.scdhhs.gov/help_items/640
379,"Phoenix Help Documents","Caregiver Supports",https://phoenix.scdhhs.gov/help_items/379
381,"Phoenix Help Documents","Claims",https://phoenix.scdhhs.gov/help_items/381
374,"Phoenix Help Documents","Complaints",https://phoenix.scdhhs.gov/help_items/374
423,"Phoenix Help Documents","Conversations",https://phoenix.scdhhs.gov/help_items/423
524,"Phoenix Help Documents","Conversations/Inbox Changes",https://phoenix.scdhhs.gov/help_items/524
442,"Phoenix Help Documents","Criticial Incidents",https://phoenix.scdhhs.gov/help_items/442
371,"Phoenix Help Documents","Enhanced Pest Control Workflow",https://phoenix.scdhhs.gov/help_items/371
385,"Phoenix Help Documents","Forms",https://phoenix.scdhhs.gov/help_items/385
754,"Phoenix Help Documents","MCC Attendant Care",https://phoenix.scdhhs.gov/help_items/754
387,"Phoenix Help Documents","Medications",https://phoenix.scdhhs.gov/help_items/387
388,"Phoenix Help Documents","Narrative",https://phoenix.scdhhs.gov/help_items/388
375,"Phoenix Help Documents","Provider Portal",https://phoenix.scdhhs.gov/help_items/375
316,"Phoenix Help Documents","Ramp Referrals - Case Manager",https://phoenix.scdhhs.gov/help_items/316
389,"Phoenix Help Documents","Referrals",https://phoenix.scdhhs.gov/help_items/389
380,"Phoenix Help Documents","Resolutions",https://phoenix.scdhhs.gov/help_items/380
377,"Phoenix Help Documents","Service Plan",https://phoenix.scdhhs.gov/help_items/377
367,"Phoenix Help Documents","Adding a Claim",https://phoenix.scdhhs.gov/help_items/367
275,"Phoenix Help Documents","New User Interface",https://phoenix.scdhhs.gov/help_items/275
155,"Phoenix Help Documents","Eligibility Determination",https://phoenix.scdhhs.gov/help_items/155
152,"Phoenix Help Documents","General Information",https://phoenix.scdhhs.gov/help_items/152
150,"Phoenix Help Documents","Intake Criteria",https://phoenix.scdhhs.gov/help_items/150
148,"Phoenix Help Documents","Multiple Service Requests",https://phoenix.scdhhs.gov/help_items/148
146,"Phoenix Help Documents","New Participant",https://phoenix.scdhhs.gov/help_items/146
145,"Phoenix Help Documents","July 2016 Phoenix/Care Call Provider Training",https://phoenix.scdhhs.gov/help_items/145
142,"Phoenix Help Documents","Reports",https://phoenix.scdhhs.gov/help_items/142
141,"Phoenix Help Documents","RSP Overlap Table",https://phoenix.scdhhs.gov/help_items/141
139,"Phoenix Help Documents","Scanning",https://phoenix.scdhhs.gov/help_items/139
137,"Phoenix Help Documents","Transferring Cases",https://phoenix.scdhhs.gov/help_items/137
135,"Phoenix Help Documents","Users",https://phoenix.scdhhs.gov/help_items/135
136,"Phoenix Help Documents","User Profile",https://phoenix.scdhhs.gov/help_items/136
273,"Phoenix Help Documents","User Requests",https://phoenix.scdhhs.gov/help_items/273